{
    "eye_centre": [
        [
            362.6011054133149
        ],
        [
            695.4520870871885
        ],
        [
            6289.320754704403
        ]
    ],
    "aver_eye_radius": 1083.0324656602347
}