{
    "eye_centre": [
        [
            -468.13517851392606
        ],
        [
            702.4302917706857
        ],
        [
            6289.320754704403
        ]
    ],
    "aver_eye_radius": 676.5515438679573
}