{
    "eye_centre": [
        [
            -63.539942038907306
        ],
        [
            754.3014744092968
        ],
        [
            6289.320754704403
        ]
    ],
    "aver_eye_radius": 835.7784315030116
}