{
    "eye_centre": [
        [
            -108.82271468282455
        ],
        [
            99.24011073441672
        ],
        [
            6289.320754704403
        ]
    ],
    "aver_eye_radius": 970.015273357619
}