{
    "eye_centre": [
        [
            -47.619785151176565
        ],
        [
            543.0193917107739
        ],
        [
            6289.320754704403
        ]
    ],
    "aver_eye_radius": 912.1839225005805
}