{
    "eye_centre": [
        [
            381.89279470147284
        ],
        [
            802.5986773153647
        ],
        [
            6289.320754704403
        ]
    ],
    "aver_eye_radius": 948.6614952538436
}