{
    "eye_centre": [
        [
            -58.76766701133155
        ],
        [
            480.9765375945375
        ],
        [
            6289.320754704403
        ]
    ],
    "aver_eye_radius": 917.6437746192115
}