{
    "eye_centre": [
        [
            656.3814192742494
        ],
        [
            -102.33308201925814
        ],
        [
            6289.320754704403
        ]
    ],
    "aver_eye_radius": 813.8189174028192
}