{
    "eye_centre": [
        [
            -89.27334082290439
        ],
        [
            178.83038658829756
        ],
        [
            6289.320754704403
        ]
    ],
    "aver_eye_radius": 874.4600712882419
}