{
    "eye_centre": [
        [
            16.38658367520757
        ],
        [
            593.8445464350741
        ],
        [
            6289.320754704403
        ]
    ],
    "aver_eye_radius": 985.8425983952492
}