{
    "eye_centre": [
        [
            -62.23925462413244
        ],
        [
            506.07738323146
        ],
        [
            6289.320754704403
        ]
    ],
    "aver_eye_radius": 914.088565624129
}