{
    "eye_centre": [
        [
            -136.74258003697636
        ],
        [
            822.7686228681715
        ],
        [
            6289.320754704403
        ]
    ],
    "aver_eye_radius": 1019.2512767790574
}