{
    "eye_centre": [
        [
            115.02664981868047
        ],
        [
            407.31954416900163
        ],
        [
            6289.320754704403
        ]
    ],
    "aver_eye_radius": 838.9758569317912
}