{
    "eye_centre": [
        [
            106.11534345618168
        ],
        [
            437.6109542053816
        ],
        [
            6289.320754704403
        ]
    ],
    "aver_eye_radius": 838.5769552530057
}