{
    "eye_centre": [
        [
            -373.62136107723006
        ],
        [
            -14.870391498546573
        ],
        [
            6289.320754704403
        ]
    ],
    "aver_eye_radius": 832.6053620080527
}