{
    "eye_centre": [
        [
            16.948600117557554
        ],
        [
            934.1696591276104
        ],
        [
            6289.320754704403
        ]
    ],
    "aver_eye_radius": 802.36954386952
}