{
    "eye_centre": [
        [
            -91.49186987420612
        ],
        [
            424.12975984775113
        ],
        [
            6289.320754704403
        ]
    ],
    "aver_eye_radius": 1051.1259528184924
}