{
    "eye_centre": [
        [
            -7.422545297961373
        ],
        [
            476.8922877707042
        ],
        [
            6289.320754704403
        ]
    ],
    "aver_eye_radius": 852.1280443607225
}