{
    "eye_centre": [
        [
            -413.3268456344112
        ],
        [
            409.0768994036869
        ],
        [
            6289.320754704403
        ]
    ],
    "aver_eye_radius": 860.0113600654189
}