{
    "eye_centre": [
        [
            -85.36793208424977
        ],
        [
            430.6870681455763
        ],
        [
            6289.320754704403
        ]
    ],
    "aver_eye_radius": 922.09712955432
}