{
    "eye_centre": [
        [
            -105.10393300538492
        ],
        [
            762.5891283500673
        ],
        [
            6289.320754704403
        ]
    ],
    "aver_eye_radius": 935.0102159141605
}