{
    "eye_centre": [
        [
            418.1460780762105
        ],
        [
            762.4750365593926
        ],
        [
            6289.320754704403
        ]
    ],
    "aver_eye_radius": 938.0491962936659
}