{
    "eye_centre": [
        [
            397.0701217127716
        ],
        [
            391.2088603648286
        ],
        [
            6289.320754704403
        ]
    ],
    "aver_eye_radius": 741.4981235915267
}