{
    "eye_centre": [
        [
            -478.971593999115
        ],
        [
            602.0435563243751
        ],
        [
            6289.320754704403
        ]
    ],
    "aver_eye_radius": 750.6789085503287
}