{
    "eye_centre": [
        [
            215.1927121088368
        ],
        [
            -565.7791298873486
        ],
        [
            6289.320754704403
        ]
    ],
    "aver_eye_radius": 941.5115609164922
}