{
    "eye_centre": [
        [
            154.9037098984125
        ],
        [
            -504.3333177147292
        ],
        [
            6289.320754704403
        ]
    ],
    "aver_eye_radius": 857.1978330669144
}