{
    "eye_centre": [
        [
            27.908855946265493
        ],
        [
            906.5043016851012
        ],
        [
            6289.320754704403
        ]
    ],
    "aver_eye_radius": 897.4635372931476
}