{
    "eye_centre": [
        [
            -129.01241323432137
        ],
        [
            27.929931704433386
        ],
        [
            6289.320754704403
        ]
    ],
    "aver_eye_radius": 844.8480512021677
}