{
    "eye_centre": [
        [
            345.52502004188597
        ],
        [
            932.5127589624121
        ],
        [
            6289.320754704403
        ]
    ],
    "aver_eye_radius": 812.9511982689393
}