{
    "eye_centre": [
        [
            -439.1330412616204
        ],
        [
            -197.28468168455325
        ],
        [
            6289.320754704403
        ]
    ],
    "aver_eye_radius": 798.9396477942649
}