{
    "eye_centre": [
        [
            61.35208284610154
        ],
        [
            328.95733338405745
        ],
        [
            6289.320754704403
        ]
    ],
    "aver_eye_radius": 924.0115338747512
}