{
    "eye_centre": [
        [
            265.16203691247523
        ],
        [
            124.04655816836272
        ],
        [
            6289.320754704403
        ]
    ],
    "aver_eye_radius": 892.2527909377154
}