{
    "eye_centre": [
        [
            316.11418174813986
        ],
        [
            663.6370411456843
        ],
        [
            6289.320754704403
        ]
    ],
    "aver_eye_radius": 742.8167955909236
}