{
    "eye_centre": [
        [
            377.28836130462855
        ],
        [
            731.9647472348388
        ],
        [
            6289.320754704403
        ]
    ],
    "aver_eye_radius": 1077.8933659186425
}