{
    "eye_centre": [
        [
            81.21514779265055
        ],
        [
            450.0545549246885
        ],
        [
            6289.320754704403
        ]
    ],
    "aver_eye_radius": 793.9904344312736
}