{
    "eye_centre": [
        [
            182.47829364934773
        ],
        [
            635.9040963977948
        ],
        [
            6289.320754704403
        ]
    ],
    "aver_eye_radius": 879.5595686179412
}