{
    "eye_centre": [
        [
            609.3692329476283
        ],
        [
            859.5972287711509
        ],
        [
            6289.320754704403
        ]
    ],
    "aver_eye_radius": 847.291200550164
}