{
    "eye_centre": [
        [
            -70.1124030338363
        ],
        [
            338.2659323480214
        ],
        [
            6289.320754704403
        ]
    ],
    "aver_eye_radius": 908.1333050221854
}