{
    "eye_centre": [
        [
            237.69161669553728
        ],
        [
            352.83058669629526
        ],
        [
            6289.320754704403
        ]
    ],
    "aver_eye_radius": 1065.2973402539778
}