{
    "eye_centre": [
        [
            139.60565955135328
        ],
        [
            409.0208361176077
        ],
        [
            6289.320754704403
        ]
    ],
    "aver_eye_radius": 828.2227958980574
}