{
    "eye_centre": [
        [
            401.6908942329972
        ],
        [
            548.2690694086913
        ],
        [
            6289.320754704403
        ]
    ],
    "aver_eye_radius": 1032.017178056731
}