{
    "eye_centre": [
        [
            385.60161440142105
        ],
        [
            556.0742405731916
        ],
        [
            6289.320754704403
        ]
    ],
    "aver_eye_radius": 1090.6937572750435
}