{
    "eye_centre": [
        [
            175.68538554906942
        ],
        [
            523.4627724954081
        ],
        [
            6289.320754704403
        ]
    ],
    "aver_eye_radius": 878.2496893503666
}