{
    "eye_centre": [
        [
            255.52428359632935
        ],
        [
            501.9958792831517
        ],
        [
            6289.320754704403
        ]
    ],
    "aver_eye_radius": 866.7928836419782
}