{
    "eye_centre": [
        [
            130.84533451972362
        ],
        [
            532.1553363982096
        ],
        [
            6289.320754704403
        ]
    ],
    "aver_eye_radius": 743.9353794013738
}