{
    "eye_centre": [
        [
            305.71153778000166
        ],
        [
            406.3727364697291
        ],
        [
            6289.320754704403
        ]
    ],
    "aver_eye_radius": 851.445390838127
}