{
    "eye_centre": [
        [
            -12.134019562374949
        ],
        [
            910.146952069861
        ],
        [
            6289.320754704403
        ]
    ],
    "aver_eye_radius": 810.8189990818395
}