{
    "eye_centre": [
        [
            248.2862285900931
        ],
        [
            409.3898223167967
        ],
        [
            6289.320754704403
        ]
    ],
    "aver_eye_radius": 934.1268456756296
}