{
    "eye_centre": [
        [
            -17.649175124528444
        ],
        [
            459.3044018478963
        ],
        [
            6289.320754704403
        ]
    ],
    "aver_eye_radius": 1111.2325367773185
}