{
    "eye_centre": [
        [
            -44.797978377357126
        ],
        [
            731.5197586122282
        ],
        [
            6289.320754704403
        ]
    ],
    "aver_eye_radius": 918.796658807494
}