{
    "eye_centre": [
        [
            216.16559468206492
        ],
        [
            729.108626910129
        ],
        [
            6289.320754704403
        ]
    ],
    "aver_eye_radius": 945.6983126349178
}