{
    "eye_centre": [
        [
            -198.05955607022506
        ],
        [
            -79.82705936881018
        ],
        [
            6289.320754704403
        ]
    ],
    "aver_eye_radius": 802.9698898702661
}