{
    "eye_centre": [
        [
            -73.45142374189162
        ],
        [
            311.4475566175353
        ],
        [
            6289.320754704403
        ]
    ],
    "aver_eye_radius": 845.7534972543754
}