{
    "eye_centre": [
        [
            -21.7546017846369
        ],
        [
            290.27146535693856
        ],
        [
            6289.320754704403
        ]
    ],
    "aver_eye_radius": 985.5604454441335
}