{
    "eye_centre": [
        [
            553.6308321508045
        ],
        [
            674.5900651071855
        ],
        [
            6289.320754704403
        ]
    ],
    "aver_eye_radius": 828.3980473990936
}