{
    "eye_centre": [
        [
            17.045551356708206
        ],
        [
            260.95330375753275
        ],
        [
            6289.320754704403
        ]
    ],
    "aver_eye_radius": 984.2822978269604
}