{
    "eye_centre": [
        [
            276.3571564077381
        ],
        [
            207.3436803197095
        ],
        [
            6289.320754704403
        ]
    ],
    "aver_eye_radius": 993.5490493527534
}