{
    "eye_centre": [
        [
            607.6369760164563
        ],
        [
            -6.471915706886478
        ],
        [
            6289.320754704403
        ]
    ],
    "aver_eye_radius": 988.535500287125
}