{
    "eye_centre": [
        [
            -15.605813148691064
        ],
        [
            -254.69453153625116
        ],
        [
            6289.320754704403
        ]
    ],
    "aver_eye_radius": 641.9698995997257
}