{
    "eye_centre": [
        [
            14.2748445904914
        ],
        [
            295.17637934751616
        ],
        [
            6289.320754704403
        ]
    ],
    "aver_eye_radius": 967.9603608885316
}