{
    "eye_centre": [
        [
            -7.18374334984162
        ],
        [
            934.3844694602453
        ],
        [
            6289.320754704403
        ]
    ],
    "aver_eye_radius": 923.2027320311963
}