{
    "eye_centre": [
        [
            -383.90820164486144
        ],
        [
            733.1992573739125
        ],
        [
            6289.320754704403
        ]
    ],
    "aver_eye_radius": 1073.2883396775244
}