{
    "eye_centre": [
        [
            528.1169920402623
        ],
        [
            658.6836594111593
        ],
        [
            6289.320754704403
        ]
    ],
    "aver_eye_radius": 850.9092225949262
}