{
    "eye_centre": [
        [
            286.54713923813233
        ],
        [
            576.3403720378112
        ],
        [
            6289.320754704403
        ]
    ],
    "aver_eye_radius": 712.7582643039588
}