{
    "eye_centre": [
        [
            -479.19752342035343
        ],
        [
            620.804944271374
        ],
        [
            6289.320754704403
        ]
    ],
    "aver_eye_radius": 663.1870524510628
}