{
    "eye_centre": [
        [
            31.028174899223398
        ],
        [
            373.19598579621436
        ],
        [
            6289.320754704403
        ]
    ],
    "aver_eye_radius": 890.9694644745705
}