{
    "eye_centre": [
        [
            -103.92737143061576
        ],
        [
            690.0849577780643
        ],
        [
            6289.320754704403
        ]
    ],
    "aver_eye_radius": 1116.9492100541038
}