{
    "eye_centre": [
        [
            180.9048218947775
        ],
        [
            580.3763254638004
        ],
        [
            6289.320754704403
        ]
    ],
    "aver_eye_radius": 966.2214615081915
}