{
    "eye_centre": [
        [
            428.86367653249334
        ],
        [
            516.3618505752155
        ],
        [
            6289.320754704403
        ]
    ],
    "aver_eye_radius": 838.8798901814849
}