{
    "eye_centre": [
        [
            542.3253590915863
        ],
        [
            905.6207313801858
        ],
        [
            6289.320754704403
        ]
    ],
    "aver_eye_radius": 738.6812513033327
}