{
    "eye_centre": [
        [
            -524.6684362097568
        ],
        [
            559.5112855869971
        ],
        [
            6289.320754704403
        ]
    ],
    "aver_eye_radius": 749.3166058707766
}