{
    "eye_centre": [
        [
            -452.5861344071525
        ],
        [
            633.0296343326092
        ],
        [
            6289.320754704403
        ]
    ],
    "aver_eye_radius": 660.9835034440423
}