{
    "eye_centre": [
        [
            224.2668037245224
        ],
        [
            764.4101971120156
        ],
        [
            6289.320754704403
        ]
    ],
    "aver_eye_radius": 993.8386490159235
}