{
    "eye_centre": [
        [
            251.45214267284314
        ],
        [
            407.82713550100715
        ],
        [
            6289.320754704403
        ]
    ],
    "aver_eye_radius": 908.1721102525041
}