{
    "eye_centre": [
        [
            75.76532432566316
        ],
        [
            384.4835075217773
        ],
        [
            6289.320754704403
        ]
    ],
    "aver_eye_radius": 856.6079469404921
}