{
    "eye_centre": [
        [
            230.56132561310156
        ],
        [
            576.5127998047651
        ],
        [
            6289.320754704403
        ]
    ],
    "aver_eye_radius": 1025.2253939033278
}