{
    "eye_centre": [
        [
            588.8233506922214
        ],
        [
            711.296015130398
        ],
        [
            6289.320754704403
        ]
    ],
    "aver_eye_radius": 775.3661446247744
}